{
    "metrics": {
        "auth_duration": {
            "max": 0,
            "p(90)": 0,
            "p(95)": 0,
            "avg": 0,
            "min": 0,
            "med": 0,
            "thresholds": {
                "p(95)<1000": false
            }
        },
        "http_req_receiving": {
            "p(90)": 0.47100000000000003,
            "p(95)": 1.2102499999999987,
            "avg": 0.26160416666666675,
            "min": 0.006,
            "med": 0.058,
            "max": 7.136
        },
        "iterations": {
            "count": 143,
            "rate": 2.3795670735476757
        },
        "http_req_duration{expected_response:true}": {
            "min": 3.758,
            "med": 3.758,
            "max": 3.758,
            "p(90)": 3.758,
            "p(95)": 3.758,
            "avg": 3.758
        },
        "errors": {
            "passes": 143,
            "fails": 0,
            "thresholds": {
                "rate<0.01": true
            },
            "value": 1
        },
        "http_req_failed": {
            "passes": 143,
            "fails": 1,
            "thresholds": {
                "rate<0.01": true
            },
            "value": 0.9930555555555556
        },
        "data_received": {
            "count": 14382,
            "rate": 239.32121434799072
        },
        "http_req_blocked": {
            "avg": 0.32127083333333367,
            "min": 0.001,
            "med": 0.014,
            "max": 11.645,
            "p(90)": 0.5639000000000002,
            "p(95)": 1.178899999999999
        },
        "vus_max": {
            "value": 5,
            "min": 5,
            "max": 5
        },
        "api_response_time": {
            "med": 0,
            "max": 0,
            "p(90)": 0,
            "p(95)": 0,
            "avg": 0,
            "min": 0,
            "thresholds": {
                "p(95)<300": false,
                "p(99)<500": false
            }
        },
        "http_reqs": {
            "count": 144,
            "rate": 2.3962074027333236
        },
        "checks": {
            "passes": 1,
            "fails": 286,
            "value": 0.003484320557491289
        },
        "data_sent": {
            "count": 12374,
            "rate": 205.90743334320936
        },
        "iteration_duration": {
            "avg": 1031.8514589160845,
            "min": 1006.91725,
            "med": 1023.485667,
            "max": 1113.219584,
            "p(90)": 1072.9819582,
            "p(95)": 1088.4576173
        },
        "http_req_connecting": {
            "avg": 0.07315277777777777,
            "min": 0,
            "med": 0,
            "max": 5.127,
            "p(90)": 0,
            "p(95)": 0
        },
        "http_req_tls_handshaking": {
            "med": 0,
            "max": 0,
            "p(90)": 0,
            "p(95)": 0,
            "avg": 0,
            "min": 0
        },
        "http_req_sending": {
            "min": 0.003,
            "med": 0.0275,
            "max": 8.542,
            "p(90)": 0.4640000000000003,
            "p(95)": 1.389649999999997,
            "avg": 0.30638194444444455
        },
        "http_req_waiting": {
            "avg": 19.14691666666667,
            "min": 2.256,
            "med": 15.2165,
            "max": 70.975,
            "p(90)": 38.0525,
            "p(95)": 58.20474999999998
        },
        "http_req_duration": {
            "max": 71.105,
            "p(90)": 38.2729,
            "p(95)": 58.748850000000004,
            "avg": 19.714902777777784,
            "min": 2.412,
            "med": 16.0425,
            "thresholds": {
                "p(95)<500": false
            }
        },
        "vus": {
            "value": 1,
            "min": 1,
            "max": 5
        },
        "group_duration": {
            "min": 0.0065,
            "med": 4.6602295,
            "max": 81.247542,
            "p(90)": 28.657500500000005,
            "p(95)": 45.773572499999986,
            "avg": 11.718170181818184
        }
    },
    "setup_data": {
        "baseUrl": "http://localhost:4000",
        "startTime": "2026-02-07T20:10:26.200Z",
        "apiBaseUrl": "http://localhost:4000/api/v1"
    },
    "root_group": {
        "groups": {
            "setup": {
                "groups": {},
                "checks": {
                        "System is accessible": {
                            "name": "System is accessible",
                            "path": "::setup::System is accessible",
                            "id": "9f4387fc79c4533695c43c1033ef8d1f",
                            "passes": 1,
                            "fails": 0
                        }
                    },
                "name": "setup",
                "path": "::setup",
                "id": "5c0f8025f7e0b6654089e5b00e950f1a"
            },
            "Authentication": {
                "checks": {
                    "CSRF token retrieved": {
                        "name": "CSRF token retrieved",
                        "path": "::Authentication::CSRF token retrieved",
                        "id": "b853950a9395db0db27897b68148c397",
                        "passes": 0,
                        "fails": 143
                    },
                    "CSRF token in response": {
                        "name": "CSRF token in response",
                        "path": "::Authentication::CSRF token in response",
                        "id": "57c1cbed182c967d456fb227bfc27590",
                        "passes": 0,
                        "fails": 143
                    }
                },
                "name": "Authentication",
                "path": "::Authentication",
                "id": "e27c07c74d84fc697478e1503d425296",
                "groups": {}
            },
            "Project Dashboard": {
                "name": "Project Dashboard",
                "path": "::Project Dashboard",
                "id": "1c16ba1991414de9952f5049b451f9af",
                "groups": {},
                "checks": {}
            }
        },
        "checks": {},
        "name": "",
        "path": "",
        "id": "d41d8cd98f00b204e9800998ecf8427e"
    }
}